{
    "leverage": 15,
    "take_profit_pct": 0.24246839101701462,
    "stop_loss_pct": 0.29402187224019655,
    "explosion_threshold": 0.03658795915800661,
    "volume_spike_ratio": 3.4714038802086904,
    "seq_type": "aggressive"
}